--
-- PostgreSQL database dump
--

-- Dumped from database version 15.12
-- Dumped by pg_dump version 15.12

-- Started on 2025-05-27 08:53:29

SET statement_timeout = 0;
SET lock_timeout = 0;
SET idle_in_transaction_session_timeout = 0;
SET client_encoding = 'UTF8';
SET standard_conforming_strings = on;
SELECT pg_catalog.set_config('search_path', '', false);
SET check_function_bodies = false;
SET xmloption = content;
SET client_min_messages = warning;
SET row_security = off;

--
-- TOC entry 4 (class 2615 OID 2200)
-- Name: public; Type: SCHEMA; Schema: -; Owner: pg_database_owner
--

CREATE SCHEMA public;


ALTER SCHEMA public OWNER TO pg_database_owner;

--
-- TOC entry 3355 (class 0 OID 0)
-- Dependencies: 4
-- Name: SCHEMA public; Type: COMMENT; Schema: -; Owner: pg_database_owner
--

COMMENT ON SCHEMA public IS 'standard public schema';


SET default_tablespace = '';

SET default_table_access_method = heap;

--
-- TOC entry 215 (class 1259 OID 16496)
-- Name: aluno; Type: TABLE; Schema: public; Owner: postgres
--

CREATE TABLE public.aluno (
    id bigint NOT NULL,
    cpf character varying(255),
    email character varying(255),
    nome character varying(255)
);


ALTER TABLE public.aluno OWNER TO postgres;

--
-- TOC entry 214 (class 1259 OID 16495)
-- Name: aluno_id_seq; Type: SEQUENCE; Schema: public; Owner: postgres
--

ALTER TABLE public.aluno ALTER COLUMN id ADD GENERATED BY DEFAULT AS IDENTITY (
    SEQUENCE NAME public.aluno_id_seq
    START WITH 1
    INCREMENT BY 1
    NO MINVALUE
    NO MAXVALUE
    CACHE 1
);


--
-- TOC entry 219 (class 1259 OID 16528)
-- Name: disciplina; Type: TABLE; Schema: public; Owner: postgres
--

CREATE TABLE public.disciplina (
    id bigint NOT NULL,
    carga_horaria integer,
    nome character varying(255),
    professor_id bigint
);


ALTER TABLE public.disciplina OWNER TO postgres;

--
-- TOC entry 218 (class 1259 OID 16527)
-- Name: disciplina_id_seq; Type: SEQUENCE; Schema: public; Owner: postgres
--

ALTER TABLE public.disciplina ALTER COLUMN id ADD GENERATED BY DEFAULT AS IDENTITY (
    SEQUENCE NAME public.disciplina_id_seq
    START WITH 1
    INCREMENT BY 1
    NO MINVALUE
    NO MAXVALUE
    CACHE 1
);


--
-- TOC entry 221 (class 1259 OID 16539)
-- Name: matricula_aluno; Type: TABLE; Schema: public; Owner: postgres
--

CREATE TABLE public.matricula_aluno (
    id bigint NOT NULL,
    nota1 double precision,
    nota2 double precision,
    status character varying(255),
    aluno_id bigint,
    disciplina_id bigint,
    CONSTRAINT matricula_aluno_status_check CHECK (((status)::text = ANY ((ARRAY['MATRICULADO'::character varying, 'APROVADO'::character varying, 'REPROVADO'::character varying, 'TRANCADO'::character varying])::text[])))
);


ALTER TABLE public.matricula_aluno OWNER TO postgres;

--
-- TOC entry 220 (class 1259 OID 16538)
-- Name: matricula_aluno_id_seq; Type: SEQUENCE; Schema: public; Owner: postgres
--

ALTER TABLE public.matricula_aluno ALTER COLUMN id ADD GENERATED BY DEFAULT AS IDENTITY (
    SEQUENCE NAME public.matricula_aluno_id_seq
    START WITH 1
    INCREMENT BY 1
    NO MINVALUE
    NO MAXVALUE
    CACHE 1
);


--
-- TOC entry 217 (class 1259 OID 16520)
-- Name: professor; Type: TABLE; Schema: public; Owner: postgres
--

CREATE TABLE public.professor (
    id bigint NOT NULL,
    cpf character varying(255),
    email character varying(255),
    nome character varying(255)
);


ALTER TABLE public.professor OWNER TO postgres;

--
-- TOC entry 216 (class 1259 OID 16519)
-- Name: professor_id_seq; Type: SEQUENCE; Schema: public; Owner: postgres
--

ALTER TABLE public.professor ALTER COLUMN id ADD GENERATED BY DEFAULT AS IDENTITY (
    SEQUENCE NAME public.professor_id_seq
    START WITH 1
    INCREMENT BY 1
    NO MINVALUE
    NO MAXVALUE
    CACHE 1
);


--
-- TOC entry 3343 (class 0 OID 16496)
-- Dependencies: 215
-- Data for Name: aluno; Type: TABLE DATA; Schema: public; Owner: postgres
--

INSERT INTO public.aluno VALUES (4, '123.123.123-12', 'carolina@gmail.com', 'Carolina');
INSERT INTO public.aluno VALUES (5, '123.123.123-12', 'luiz@gmail.com', 'Luiz');
INSERT INTO public.aluno VALUES (6, '123.123.123-12', 'mel@gmail.com', 'Mel');
INSERT INTO public.aluno VALUES (7, '123.123.123-12', 'mel@gmail.com', 'Rita Yost');
INSERT INTO public.aluno VALUES (8, '123.123.123-12', 'Raleigh.Gusikowski94@hotmail.com', 'Joann Lakin');
INSERT INTO public.aluno VALUES (3, '325.325.325-32', 'novo@new.com', 'Novo nome');
INSERT INTO public.aluno VALUES (9, '123.123.123-12', 'Arvel.Wilderman@gmail.com', 'Dr. Jamie Schmitt');
INSERT INTO public.aluno VALUES (10, '123.123.123-12', 'Silas37@gmail.com', 'Lucille Douglas');
INSERT INTO public.aluno VALUES (11, '123.123.123-12', 'April35@gmail.com', 'Mr. Jermaine Toy');
INSERT INTO public.aluno VALUES (12, '123.123.123-12', 'Luther45@gmail.com', 'Dr. Bernadette Jaskolski');
INSERT INTO public.aluno VALUES (13, '123.123.123-12', 'Antwon.Hoppe-Sauer55@gmail.com', 'Candace Brekke-Cremin');
INSERT INTO public.aluno VALUES (14, '123.123.123-12', 'Carley.Heller3@gmail.com', 'Dana Schowalter');
INSERT INTO public.aluno VALUES (15, '123.123.123-12', 'Declan_Bogan@hotmail.com', 'Eileen Jones');
INSERT INTO public.aluno VALUES (16, '123.123.123-12', 'Blake34@yahoo.com', 'Janice Kshlerin DDS');
INSERT INTO public.aluno VALUES (17, '123.123.123-12', 'Emile92@hotmail.com', 'Joann Doyle');
INSERT INTO public.aluno VALUES (18, '123.123.123-12', 'Amalia48@hotmail.com', 'Lucia McCullough');


--
-- TOC entry 3347 (class 0 OID 16528)
-- Dependencies: 219
-- Data for Name: disciplina; Type: TABLE DATA; Schema: public; Owner: postgres
--

INSERT INTO public.disciplina VALUES (4, 60, 'Backend Kelson', 3);
INSERT INTO public.disciplina VALUES (5, 60, 'Frontend', 4);
INSERT INTO public.disciplina VALUES (6, 60, 'Frontend II', 5);
INSERT INTO public.disciplina VALUES (7, 60, 'Backend Kelson', 2);
INSERT INTO public.disciplina VALUES (3, 60, 'Backend Joao', 2);
INSERT INTO public.disciplina VALUES (9, 60, 'Fronted Kelson', 2);
INSERT INTO public.disciplina VALUES (10, 60, 'Fronted Kelson', 2);
INSERT INTO public.disciplina VALUES (11, 60, 'Fronted Kelson', 2);
INSERT INTO public.disciplina VALUES (12, 60, 'Fronted Kelson', 4);
INSERT INTO public.disciplina VALUES (13, 60, 'Analise de Sistemas', 5);
INSERT INTO public.disciplina VALUES (14, 60, 'Analise de Sistemas', 10);
INSERT INTO public.disciplina VALUES (15, 60, 'Banco de Dados', 2);
INSERT INTO public.disciplina VALUES (16, 60, 'Estrutura de Dados', 2);
INSERT INTO public.disciplina VALUES (17, 60, 'Estrutura de Dados', 5);
INSERT INTO public.disciplina VALUES (18, 60, 'Estrutura de Dados', 4);
INSERT INTO public.disciplina VALUES (19, 60, 'Banco de Dados II', 6);
INSERT INTO public.disciplina VALUES (20, 60, 'Padroes de Projetos', 6);
INSERT INTO public.disciplina VALUES (21, 60, 'Liderança e Inteligência Emocional', 9);
INSERT INTO public.disciplina VALUES (22, 60, 'Liderança e Inteligência Emocional', 10);
INSERT INTO public.disciplina VALUES (23, 60, 'Interação Humano-Computador', 14);
INSERT INTO public.disciplina VALUES (24, 60, 'Interação Humano-Computador', 15);
INSERT INTO public.disciplina VALUES (25, 60, 'Gerência e Engenharia de Software', 16);
INSERT INTO public.disciplina VALUES (26, 60, 'Gerência e Engenharia de Software', 17);
INSERT INTO public.disciplina VALUES (27, 60, 'Projeto Extensionista', 17);


--
-- TOC entry 3349 (class 0 OID 16539)
-- Dependencies: 221
-- Data for Name: matricula_aluno; Type: TABLE DATA; Schema: public; Owner: postgres
--

INSERT INTO public.matricula_aluno VALUES (11, NULL, NULL, 'MATRICULADO', 4, 6);
INSERT INTO public.matricula_aluno VALUES (16, NULL, NULL, 'MATRICULADO', 6, 4);
INSERT INTO public.matricula_aluno VALUES (17, NULL, NULL, 'MATRICULADO', 4, 4);
INSERT INTO public.matricula_aluno VALUES (18, NULL, NULL, 'MATRICULADO', 4, 4);
INSERT INTO public.matricula_aluno VALUES (3, NULL, NULL, 'TRANCADO', 4, 6);
INSERT INTO public.matricula_aluno VALUES (1, NULL, NULL, 'TRANCADO', 4, 4);
INSERT INTO public.matricula_aluno VALUES (19, NULL, NULL, 'MATRICULADO', 5, 6);
INSERT INTO public.matricula_aluno VALUES (2, 7.5, 8, 'APROVADO', 4, 5);
INSERT INTO public.matricula_aluno VALUES (4, 7.5, 4, 'REPROVADO', 5, 6);
INSERT INTO public.matricula_aluno VALUES (21, NULL, NULL, 'MATRICULADO', 8, 9);
INSERT INTO public.matricula_aluno VALUES (5, 7.5, 7, 'APROVADO', 5, 5);
INSERT INTO public.matricula_aluno VALUES (9, 7.5, 5, 'REPROVADO', 3, 6);
INSERT INTO public.matricula_aluno VALUES (10, NULL, NULL, 'TRANCADO', 3, 6);
INSERT INTO public.matricula_aluno VALUES (8, NULL, NULL, 'TRANCADO', 3, 5);
INSERT INTO public.matricula_aluno VALUES (6, 10, 10, 'APROVADO', 5, 4);
INSERT INTO public.matricula_aluno VALUES (7, 10, 9, 'APROVADO', 3, 4);
INSERT INTO public.matricula_aluno VALUES (23, 9, 9, 'APROVADO', 10, 18);
INSERT INTO public.matricula_aluno VALUES (22, 5, 9, 'APROVADO', 10, 15);
INSERT INTO public.matricula_aluno VALUES (20, 3, 9, 'REPROVADO', 5, 7);


--
-- TOC entry 3345 (class 0 OID 16520)
-- Dependencies: 217
-- Data for Name: professor; Type: TABLE DATA; Schema: public; Owner: postgres
--

INSERT INTO public.professor VALUES (3, '123.123.123-12', 'Adriana_Spencer51@gmail.com', 'Della Padberg IV');
INSERT INTO public.professor VALUES (4, '123.123.123-12', 'Mazie.Braun74@hotmail.com', 'Edgar Prosacco');
INSERT INTO public.professor VALUES (5, '123.123.123-12', 'Cletus_Fahey@hotmail.com', 'Laura Block');
INSERT INTO public.professor VALUES (2, '325.325.325-32', 'novo@new.com', 'Novo nome');
INSERT INTO public.professor VALUES (6, '123.123.123-12', 'Maymie.Stroman@yahoo.com', 'Allen Shanahan-Feil');
INSERT INTO public.professor VALUES (7, '123.123.123-12', 'Tristian68@gmail.com', 'Muriel Bergstrom MD');
INSERT INTO public.professor VALUES (8, '123.123.123-12', 'Kaylah_Koelpin22@yahoo.com', 'Marshall Reynolds');
INSERT INTO public.professor VALUES (9, '123.123.123-12', 'Hermann47@yahoo.com', 'Rodney Stamm');
INSERT INTO public.professor VALUES (10, '123.123.123-12', 'Isadore6@gmail.com', 'Caleb Thiel');
INSERT INTO public.professor VALUES (11, '123.123.123-12', 'Garnett.Stracke@yahoo.com', 'Jean Erdman');
INSERT INTO public.professor VALUES (12, '123.123.123-12', 'Kevon.Emmerich32@gmail.com', 'Jim Schowalter');
INSERT INTO public.professor VALUES (13, '123.123.123-12', 'Curtis.Watsica-Moore@gmail.com', 'Amy Hickle');
INSERT INTO public.professor VALUES (14, '123.123.123-12', 'Caleb50@yahoo.com', 'Felix O''Keefe');
INSERT INTO public.professor VALUES (15, '123.123.123-12', 'Adele.Nitzsche@yahoo.com', 'Fred Veum');
INSERT INTO public.professor VALUES (16, '123.123.123-12', 'Ladarius95@yahoo.com', 'Jacob Kuhlman');
INSERT INTO public.professor VALUES (17, '123.123.123-12', 'Rebekah_Frami@hotmail.com', 'Maureen Quigley');
INSERT INTO public.professor VALUES (18, '123.123.123-12', 'Brooks68@hotmail.com', 'Roland Nolan');
INSERT INTO public.professor VALUES (19, '123.123.123-12', 'Dan_Lang55@gmail.com', 'Fred Stoltenberg');
INSERT INTO public.professor VALUES (20, '123.123.123-12', 'Sarah.Brown@yahoo.com', 'Madeline Schmitt');
INSERT INTO public.professor VALUES (21, '123.123.123-12', 'Colleen.Bayer99@gmail.com', 'Nick Corkery');
INSERT INTO public.professor VALUES (22, '123.123.123-12', 'Sid1@gmail.com', 'Timothy Bode');
INSERT INTO public.professor VALUES (23, '123.123.123-12', 'Leon_Padberg17@yahoo.com', 'Lynn McClure');
INSERT INTO public.professor VALUES (24, '123.123.123-12', 'Gail67@gmail.com', 'Lindsey Daniel III');
INSERT INTO public.professor VALUES (25, '123.123.123-12', 'Keely_Mayer@gmail.com', 'Everett Grant');
INSERT INTO public.professor VALUES (26, '123.123.123-12', 'Palma_Weimann@yahoo.com', 'Dr. Jesus Baumbach');


--
-- TOC entry 3356 (class 0 OID 0)
-- Dependencies: 214
-- Name: aluno_id_seq; Type: SEQUENCE SET; Schema: public; Owner: postgres
--

SELECT pg_catalog.setval('public.aluno_id_seq', 18, true);


--
-- TOC entry 3357 (class 0 OID 0)
-- Dependencies: 218
-- Name: disciplina_id_seq; Type: SEQUENCE SET; Schema: public; Owner: postgres
--

SELECT pg_catalog.setval('public.disciplina_id_seq', 27, true);


--
-- TOC entry 3358 (class 0 OID 0)
-- Dependencies: 220
-- Name: matricula_aluno_id_seq; Type: SEQUENCE SET; Schema: public; Owner: postgres
--

SELECT pg_catalog.setval('public.matricula_aluno_id_seq', 23, true);


--
-- TOC entry 3359 (class 0 OID 0)
-- Dependencies: 216
-- Name: professor_id_seq; Type: SEQUENCE SET; Schema: public; Owner: postgres
--

SELECT pg_catalog.setval('public.professor_id_seq', 26, true);


--
-- TOC entry 3190 (class 2606 OID 16502)
-- Name: aluno aluno_pkey; Type: CONSTRAINT; Schema: public; Owner: postgres
--

ALTER TABLE ONLY public.aluno
    ADD CONSTRAINT aluno_pkey PRIMARY KEY (id);


--
-- TOC entry 3194 (class 2606 OID 16532)
-- Name: disciplina disciplina_pkey; Type: CONSTRAINT; Schema: public; Owner: postgres
--

ALTER TABLE ONLY public.disciplina
    ADD CONSTRAINT disciplina_pkey PRIMARY KEY (id);


--
-- TOC entry 3196 (class 2606 OID 16544)
-- Name: matricula_aluno matricula_aluno_pkey; Type: CONSTRAINT; Schema: public; Owner: postgres
--

ALTER TABLE ONLY public.matricula_aluno
    ADD CONSTRAINT matricula_aluno_pkey PRIMARY KEY (id);


--
-- TOC entry 3192 (class 2606 OID 16526)
-- Name: professor professor_pkey; Type: CONSTRAINT; Schema: public; Owner: postgres
--

ALTER TABLE ONLY public.professor
    ADD CONSTRAINT professor_pkey PRIMARY KEY (id);


--
-- TOC entry 3198 (class 2606 OID 16550)
-- Name: matricula_aluno fk4mtt3iew11xcs5i7tshj7la9q; Type: FK CONSTRAINT; Schema: public; Owner: postgres
--

ALTER TABLE ONLY public.matricula_aluno
    ADD CONSTRAINT fk4mtt3iew11xcs5i7tshj7la9q FOREIGN KEY (disciplina_id) REFERENCES public.disciplina(id);


--
-- TOC entry 3199 (class 2606 OID 16545)
-- Name: matricula_aluno fkn1iea49e3kxfecd5e27i7lvak; Type: FK CONSTRAINT; Schema: public; Owner: postgres
--

ALTER TABLE ONLY public.matricula_aluno
    ADD CONSTRAINT fkn1iea49e3kxfecd5e27i7lvak FOREIGN KEY (aluno_id) REFERENCES public.aluno(id);


--
-- TOC entry 3197 (class 2606 OID 16533)
-- Name: disciplina fkoqie7f1kx32b1atco9fpgxd7g; Type: FK CONSTRAINT; Schema: public; Owner: postgres
--

ALTER TABLE ONLY public.disciplina
    ADD CONSTRAINT fkoqie7f1kx32b1atco9fpgxd7g FOREIGN KEY (professor_id) REFERENCES public.professor(id);


-- Completed on 2025-05-27 08:53:29

--
-- PostgreSQL database dump complete
--

